{
  "interceptor_type": "flail",
  "error_sigma": 0.2,
  "guidance_bias": [
    0.12974949176121395,
    -0.09125950626827381,
    -0.1730936531460508
  ],
  "kill_contact": true,
  "contact_detail": {
    "arm": "arm_2",
    "collisions": "dwarf_interceptor::arm_2::arm_2_collision target_quadcopter::base_link::body_collision",
    "t": 2.9066080050000003
  },
  "min_miss_distance": 0.38881890974098904,
  "time_closest_approach": 2.905654596,
  "kill_geometric": true,
  "duration": 2.910311659
}