{
  "interceptor_type": "flail",
  "error_sigma": 0.05,
  "guidance_bias": [
    0.013474419457312618,
    0.06524252237004795,
    -0.01387905958629884
  ],
  "kill_contact": true,
  "contact_detail": {
    "arm": "arm_2",
    "collisions": "dwarf_interceptor::arm_2::arm_2_tip_collision target_quadcopter::base_link::body_collision",
    "t": 2.877681234
  },
  "min_miss_distance": 0.7072466673372434,
  "time_closest_approach": 2.8799563100000003,
  "kill_geometric": false,
  "duration": 2.8799563100000003
}