{
  "interceptor_type": "flail",
  "error_sigma": 0.1,
  "guidance_bias": [
    0.023494844556770388,
    0.25273256839310476,
    0.047144618764538154
  ],
  "kill_contact": true,
  "contact_detail": {
    "arm": "arm_1",
    "collisions": "dwarf_interceptor::arm_1::arm_1_tip_collision target_quadcopter::base_link::arm_sw_col",
    "t": 2.855770912
  },
  "min_miss_distance": 0.6999536328818483,
  "time_closest_approach": 2.8605876,
  "kill_geometric": false,
  "duration": 2.8605876
}