{
  "interceptor_type": "flail",
  "error_sigma": 0.15,
  "guidance_bias": [
    0.2550350007734701,
    0.17487103451308347,
    -0.30474905391216905
  ],
  "kill_contact": true,
  "contact_detail": {
    "arm": "arm_3",
    "collisions": "dwarf_interceptor::arm_3::arm_3_collision target_quadcopter::base_link::body_collision",
    "t": 2.9552203890000004
  },
  "min_miss_distance": 0.40130586081528646,
  "time_closest_approach": 2.929927778,
  "kill_geometric": true,
  "duration": 2.9595476350000003
}