{
  "interceptor_type": "ram",
  "error_sigma": 0.2,
  "guidance_bias": [
    -0.2992553894215671,
    -0.24718450863499566,
    -0.20850011425129678
  ],
  "kill_contact": true,
  "contact_detail": {
    "arm": "arm_1",
    "collisions": "dwarf_interceptor::arm_1::arm_1_collision target_quadcopter::base_link::prop_sw_col",
    "t": 2.947652038
  },
  "min_miss_distance": 0.5257341276524328,
  "time_closest_approach": 2.952538259,
  "kill_geometric": false,
  "duration": 2.952538259
}