{
  "interceptor_type": "ram",
  "error_sigma": 0.1,
  "guidance_bias": [
    -0.013227366793190263,
    -0.03691779461914852,
    0.011647196147017144
  ],
  "kill_contact": true,
  "contact_detail": {
    "arm": "arm_1",
    "collisions": "dwarf_interceptor::arm_1::arm_1_tip_collision target_quadcopter::base_link::prop_sw_col",
    "t": 2.827468296
  },
  "min_miss_distance": 0.6895440775383492,
  "time_closest_approach": 2.8249924060000002,
  "kill_geometric": false,
  "duration": 2.8299530830000004
}